Residual 2,Noise
-0.2833675278331178,-0.4103328772607179
-2.8825666678976702,-2.736984549646492
-3.137055344595101,-2.4166932177063627
-1.7107947913174328,-1.8061135729850937
-4.464471513374452,-3.8674424453837917
-3.595729355139058,-3.4735478278507186
-3.7474567966788648,-3.588845442721418
-2.063356752131977,-1.7906153832348974
2.8907562076754836,2.2438664536799764
-0.2711330777590675,0.02709616415422389
4.274601921742933,3.5312114076626666
2.4232453393234525,2.805473687618357
4.107246090085077,3.5210646706950706
0.9836355336538141,0.9698427047843078
2.746169663076209,2.7540388943898195
1.7402753017053794,1.6551568107887045
4.288014370687094,3.9760879579918873
1.5188948776261348,1.334258174046358
0.09447733553540338,0.23008095922829586
-1.2289322784705217,-0.7555655369070482
-1.454937463077858,-1.614245661199683
-3.303518278394254,-2.5563151830620208
1.0030425058274623,0.770538680536402
0.6442489667604008,0.625914973902988
-1.1293104544139307,-1.0811179624966785
-0.9127986602661853,-0.7523924664136412
-0.9339699020713521,-1.0672959974074816
0.8366003957795307,0.4869742743005098
-0.05540368585960742,-0.07561969194781348
0.35032526569151656,0.4043237356736443
1.648628043508218,1.5688502726921065
1.2596153564305599,1.5107159590345816
1.3426864047681075,1.072392266009487
2.8682813914107665,2.582060537124686
2.1301356532942552,1.915218030859162
1.1750906019643725,0.937735620384436
1.083735941223864,0.8273213778541768
-0.10186169445365145,0.09411517037425723
-1.8355704668670185,-1.4948075114119057
-0.5653130112097076,-0.7400528175510341
-0.8942369720693826,-1.0637927494680952
-0.40925994383215425,-0.4204576918205446
-1.0912173259420825,-1.0362907483183248
-0.2845748077581698,-0.2979946959557571
0.6140905966125532,0.6917181514067617
2.2972823993625227,1.7561933689623939
-2.565806843050101,-1.9235878260176709
-3.4953830809902424,-2.981432663520407
-1.7700152701612266,-1.8548214173364355
-1.7246062341409187,-1.475037232257384
-0.09743367662103264,0.07558647751611154
1.946296580134069,1.522776339340507
2.2310865301355696,1.9589724009666454
-1.0372180200084635,-0.9211442506163626
-1.8117741530353664,-1.8189110486905546
-1.9984061403932731,-2.0412400448026045
-1.2237401809880897,-0.7953780676704242
1.4908009859889528,0.7416052816734746
-0.0643591431057251,-0.2611793172695851
-2.330322854208644,-1.768762043927261
-0.8664778236382435,-1.172954512400336
-0.7223221044674926,-0.789640590822437
-2.644752854931998,-1.943396688672779
0.3971993694633289,0.2868113136989976
0.14366483310131128,0.37557318802350237
2.4649171808160095,2.474937389044752
2.953700676197753,2.555192213219695
3.9901764958045525,3.9953162106209663
1.484770510884052,1.3357401973864218
2.1308005179759184,2.0148670038283067
1.4317417192217432,1.263063314998719
-0.7620280488709705,-0.1999780048860761
-0.15737875647015342,-0.0013355513636436056
1.436507697114056,0.9223546874702787
-2.6075065667135657,-2.2444450375690956
-0.501298799912248,-0.7425895584625342
0.048850330445320056,-0.10234248345701252
-1.0881567124647455,-0.39651683973159946
5.3410565091968545,4.306586532047911
-0.17653068849659692,0.19145127012835683
1.0463352759213145,1.0748681730949445
2.9730385689267123,2.569706209112786
2.433843214221076,1.914699272975723
-1.1970331177830658,-0.9965906733033694
-0.6900513964070614,-0.6842187106775252
-3.9758966556728415,-3.6647928506270615
-2.708985256902098,-2.4653358433322414
-4.074812824267303,-3.558165006224466
-2.0410864159221327,-2.3012211182407536
-2.551799814819958,-2.1497565632043587
-0.6040154447457216,-0.9222854688632611
-1.0237055248902944,-1.1856562607083527
-0.18366991813833367,-0.3110824721046365
-1.970756994608395,-1.7394638524867012
-1.1699963374204754,-0.9746494404046726
-1.1293302876754474,-0.9786804364589615
1.9363638079489505,1.5025402350457684
1.311014034285792,1.5279400886508285
2.5617107386891664,2.473250615339141
2.1960520930353282,2.1464460435105917
2.008857137692426,1.6738696895931597
0.6959426318806932,1.046803612870541
1.8591739009159483,1.3243909113200791
-0.24381075852229372,0.12967042691609176
-0.413647060102476,-0.246351488183726
3.2829934017867197,2.7304948330422114
0.21514812256597438,0.2506728901748152
1.1633131503423417,1.1354683517901387
-0.9757058736069499,-0.5846556865488514
1.203692637009997,1.0388959872577708
-1.9096931452817483,-1.5520378843310163
-2.378726807419123,-2.0629125875894987
-1.3300936550277171,-1.0519776410234136
0.10681759487233666,0.3965730673702909
0.7245970128915751,0.4923334323211944
-0.7707638968578845,-0.6730306557124813
0.2708412865921561,0.13200541717551373
-0.51819162395127,-0.5044405498716901
0.8240188470839547,0.6465251351066552
-0.3560161772905701,-0.4306787429046106
0.17260587934654126,-0.020865414125433912
-2.0215017093774854,-1.963791811861137
-3.456147365958702,-3.0607815837095944
0.639499420068069,0.13917047297503915
0.24727195748908049,0.40425734021387777
0.21029932889010805,0.27095861489776507
0.17337299509001358,-0.028735485245925674
1.6531622286218024,1.5677991819511363
1.3057107843536375,1.2613314202073551
0.895899158937195,0.6556515008441899
-2.457971916634464,-2.4165951170246815
-3.455474929829112,-3.092820613894409
-1.7203466860420553,-1.842205621699848
-1.263447774271258,-1.2731791775454704
-0.6574165856355947,-0.5551305503796797
-0.768951978446303,-0.8120172731443196
-1.037392197070048,-1.281903860377181
-2.5560500755971827,-2.2966644675245154
1.285459226265159,1.0651450584458175
2.2752518932999095,2.295243313532861
1.80140079532522,2.1157788264287567
2.4653277803489733,2.0622490992000797
3.158185336766808,2.993853289571118
4.050507567135611,3.8789986099723963
4.317183609493323,4.261407986984183
3.398126796264391,2.9221231564810872
1.4862378593950591,1.486919708222052
1.0021588085107886,0.9092417576424537
-0.13373739181735012,-0.4341277942172518
-2.0070007482341587,-1.2967504335794535
-0.5427802786987854,-1.0745350891334828
-2.1052983538469405,-1.5614478736625195
-1.666605919479105,-1.6370498210555104
1.5703563203449384,1.2826739295878469
1.8838088130361186,2.092811519154435
3.2524702535912446,2.3539562740628033
-2.518585994247438,-1.8837890503120533
0.2814917056652959,-0.02024517569496148
0.5812917256984118,0.706427537921051
2.645619315151867,2.5907207650885664
3.2158188988493155,2.483329074303235
-3.093638498788258,-2.0984801808357605
0.9883109736749747,0.20886612469703447
-3.1802136382500725,-2.8106666900699504
-2.742315735742448,-2.6207038560171854
-2.0511209642290407,-2.29628289110291
-5.637142881172711,-4.807667129126026
-5.681852693787525,-5.732638515555666
-4.083861383823591,-3.7549027282460132
-2.571568825291762,-2.626342234297352
0.6282694775866391,0.5862986744723774
2.523178832192194,2.4120427121685726
3.366963752888002,2.724735775433579
3.0511878450479033,3.180427043608242
1.1438971220877932,1.2499334658533385
-1.3221373495328423,-1.0173857805551063
-1.1446775423379592,-0.7047677144488128
-0.3305904471887775,-0.3731624887755288
-0.20841319013281723,-0.1446900071097395
1.5902123838525624,1.544838888670204
1.2226535406706462,1.3932841830502607
2.2905732980774918,1.8118952267926847
1.6497194810396474,1.6310475597812881
0.1561046518357072,0.3874763492566353
1.0225481261398057,1.0676787104142016
1.5080389985487326,1.2673119635226058
-0.21563892897914627,-0.25336552843926774
0.031925187491849805,0.07313150828682585
-1.2235852030536671,-1.1318056207163814
-1.985927243614051,-1.855909896921725
-1.1768588344418536,-0.9796295751490194
1.6248102337499324,1.1182757494001634
-1.9266493008887862,-1.1573587599735466
0.9790464832186068,0.9984945741934738
0.0002952387215424679,-0.052144015733853855
1.0276699960439855,0.865163874556349
-0.8095162216979555,-0.8061341313997319
0.48199639214740575,0.22811023549195336
1.1695078026886838,0.6575510694046733
0.018106643676848222,-0.06843432606033273
-3.543227397327427,-3.1856491377172182
-2.093418258421938,-2.028372476010313
-0.7224288847086688,-0.3572947709617807
1.6872683909336823,1.2179749626798473
-0.3811217314897135,-0.011155176974990785
-1.7087932499638754,-1.4743672139498831
-0.007103805975567923,-0.07817239634663509
0.17082190204527148,0.309749172968561
2.344349724304923,1.9942524253427674
1.1094150263001703,1.0550944202592991
0.6655850149059868,0.8671723914472478
-0.9594625346226318,-0.8678931597980157
0.24132774958085967,0.22535102234829005
1.8463055890472804,1.8549758281695408
2.806497962159435,2.924253758364018
2.8334934958734106,2.4217887977069465
-0.1139953335766366,-0.15428835966189758
-2.39400188916329,-1.9003611415976136
-1.165103125674384,-1.0025878860531527
-1.0361634511748896,-0.9786120972635772
-2.3727861662831033,-2.125959153795379
-0.12995430486709747,-0.3297799720379532
0.4363486286199043,0.11490410499562378
-0.050689298519865034,0.2605492345561135
1.1964795440530462,1.1327695987360413
0.1116948493668053,-0.06203851166891288
-1.83271245470789,-1.4790943330695476
-2.9649168578024288,-2.5846916225929104
-2.179333546354547,-2.3332555713759198
-1.3149425848321776,-1.0434969502420781
-1.5365516300124762,-1.5281716228807802
-2.385769353419426,-2.5360956597280566
-1.4740806230449852,-1.4734455728594644
-0.6874063944675619,-0.5329691326837492
1.3762380107505017,1.3182658818866588
2.0422453355676113,1.6901067352321548
-0.9883475818983625,-0.387810461471583
1.9519911586125867,1.508851468784362
2.06109497464754,1.7894398558654794
0.04966780353365774,0.13579380670943084
1.3955901525876513,1.2599503737757622
-0.9419857477885438,-0.7895632628817217
-1.118714253558183,-1.0720218214458908
-0.13499883054837092,0.10609362778434814
1.695192587938502,1.4488661912028544
2.5770662479420015,2.4665283515568786
1.5392803525226935,1.814241940410753
1.4788294223146794,1.0985727141554886
0.3941492529267805,0.3729300439553381
0.6754803901199127,0.6093483150149539
-2.137102931814499,-1.6554601370442357
0.8575678809305529,0.7354126074414382
-0.474300697465627,-0.6081771451189923
0.7298082964216048,0.7521243280591141
1.056557779564252,0.9657766501774951
1.0575300264352814,1.0960096904470031
0.44123780212118646,0.39053646623117894
1.6028099909684865,1.130106654037614
-0.28562679246097034,-0.25017660691497184
-0.6293772767249886,-0.3728043892863677
-0.6803200479348517,-0.43099406380090793
0.023185895190185768,-0.5547025187492497
-1.0249543432194939,-1.1097620579789638
-4.397879443928514,-3.8667826572923074
-1.1998704951442,-1.293388799449072
0.8240699874589907,0.4432008157651537
1.3889048842478857,1.4156004093076233
-0.6866811666190449,-0.4920223209553257
-0.9651046492883855,-0.8829504281656866
-0.07544828376271795,-0.22433347324073283
1.0288961965083891,0.819824205810502
-0.7071927667021951,-0.6960948719233798
-1.866128526929176,-1.896060306963481
-0.30931368583138763,-0.08791551553344445
0.7256093018756422,0.47634198085584745
0.26402451882854816,0.1380025539969001
-3.356983485584677,-2.657415779794791
0.4163729218995891,0.21928545182488668
1.786442518568375,1.3442914643231625
1.9050827491446478,1.7745361761699907
1.5612687496371351,1.5702905531095854
3.369848870122173,3.040161414875486
2.172569427399111,1.5330323775812844
-3.154252636836379,-2.3903014326482497
-0.6597528053440145,-0.8442499482046876
0.5776218218857267,0.5467096977665535
1.3479697286771428,1.2753672764069106
-0.2798297614839488,-0.3822545575181272
0.530783427068349,0.5704925152085446
1.1994273421600297,1.076654088377646
0.9246700631517288,0.9917321372396386
-0.5882903833845875,-0.7859625620746022
-0.565158692760912,-0.32307515731109276
0.22025876106740433,0.5877023405300624
3.373528914889257,2.5967839600543368
0.8460227644387741,0.9297107015877044
-0.020444626845852243,0.11218102768060806
-0.8138059542308467,-0.6614367206687164
-0.3579575112996065,-0.4239761950994738
-0.22699789902168033,-0.09948831719321871
-0.18510073107297087,-0.1556330141565125
0.3903592200182371,0.7201318572363281
0.47112652585577575,0.34884901669651236
1.5080878474926882,1.3508336661948492
1.5145321556412457,1.0326705630531459
-0.015524574913241551,0.10356091539667239
-0.7461600436801978,-0.6361086533105754
0.05753981189968771,-0.18838747377738618
-2.0052673521749536,-1.4501874773304564
-0.03061900479345514,-0.10382205060632416
-0.2244683094641684,-0.1977407190832749
-2.1392214558737086,-1.8690061371254238
-0.06751497490310854,-0.46255414121956784
-2.864385054886803,-2.299406949615218
-0.6430656854488115,-0.8344946270722927
-2.7351615870996806,-2.1694498808739797
-1.3967696373561589,-1.419586051579956
-1.370304619526829,-1.3377176184302781
-1.8498696391944147,-1.5648948630713242
-2.098582911408453,-2.283918782848267
-3.024704745711955,-2.486817551905684
-0.000384115447235267,-0.28471752475044404
-0.5192619173935871,-0.49729913691973987
-0.041153688764602236,0.16065535490223004
-0.32617204571085967,-0.44546359438951294
-0.4868804308758463,-0.1691695740465841
0.10207765723905027,0.015597731999133446
1.1531741881168402,1.2435276711379009
3.3474385794272585,2.7990231264233607
3.4508742676816144,3.12969466834224
1.454248968950659,1.4775760723823663
1.0835254039082454,0.8955876605133152
0.3478352297820102,0.42883150429911765
0.6064978830229668,0.6337573089036473
0.8621895908989732,0.8113973557355895
0.24332526671236643,0.25929451838821393
0.6236087271481141,0.5887357057504083
0.3952681061112493,0.46706691329159433
0.5205140556860197,0.37937568504647795
-0.3669342534881892,-0.3357077456420145
-0.3632671221685273,-0.342109707587953
0.2620398082684563,0.13370373540212538
0.019862158964781607,-0.0317351666425746
-0.4722013018007125,-0.29357870962184224
0.7728804355203405,0.8392472642432081
2.0115442490247286,1.7433409948671734
1.5362294434205523,1.2341932751606344
0.6869998432468325,0.6560936745607352
0.1987048254257875,0.1629382837242338
0.10141356970042459,0.20506080897760243
-0.253824284993307,-0.2264077089200664
0.010516590866703979,-0.10120009588503305
1.4077354636858246,1.1286154811739075
0.8195335941005304,0.8671161441939921
0.3539103227618927,0.3031154006379238
1.0154640253724931,0.6571363579545164
0.19613070939239208,0.35772276677458636
-0.38653569232594087,-0.17652334784470997
-0.06990163969982,-0.14081398649460558
-1.4659010887181427,-1.2715934550196133
-1.585670011568416,-1.5135646915766567
-2.468891342323083,-2.3138948312331697
-2.6718883056769602,-2.417501546346271
-0.7935647035370916,-0.5581634700803821
1.3874916501453125,1.1232146442491027
0.32792813681838595,0.3088016391632561
-1.9867417078899692,-1.4660770541000965
-0.4665685281484553,-0.33287334463545915
-0.08695631635267276,-0.2910386150317589
-0.5768734955185835,-0.4806820651516928
-1.5220451111294118,-1.4573194379333847
-0.8173131373289699,-0.773279824183562
-1.1056238061552843,-0.7319447466839084
-0.19640949280187314,-0.291360650306548
-0.701991655444024,-1.0115051199030718
-0.9851742752784141,-0.8317240938606073
-0.27888745424948347,-0.23435876669155942
0.7945913213975366,0.5237873362599232
1.6372075940535513,1.1577425746820018
-1.2476150945780216,-0.7349293057895154
-1.003753082134505,-0.8741690070523379
-1.3496623051489145,-1.373087281927753
-0.9142554604551201,-0.7059140125625883
1.004731451331093,0.8527604765926183
1.0540259643768444,0.9831065431216742
-0.07485534092255897,0.019387906492499954
1.521159369883593,1.4337468480139692
1.8135011455616876,1.7867272496684534
-0.01850607026870499,0.005345432762392827
-2.2363072790894876,-1.7885510353984309
0.2676014974416532,0.07036488275169434
2.4008527114169365,2.2434159887293266
2.299807808055018,1.8102771862731957
0.47536645787530496,0.5834571188020881
0.022014463431428766,0.04685161896495768
0.18799662859552235,0.022648950607503354
-0.6373530143780073,-0.5765870446328633
0.5276131800465915,0.8521948995293988
3.601663407031584,3.2377740863631375
3.945745276541846,3.5318829440406097
2.0319221209465397,2.1111578009928715
3.4709374494108776,3.271961219355605
4.552496542395954,3.8551151170369446
-1.4542265077847194,-0.9899326999471297
-2.2346932792563265,-2.242849552527818
-2.526433953306082,-2.3773061945023737
-1.8303643697003533,-1.5930228549535048
-2.0358513069921766,-1.6348661731764818
-0.14044551766584412,-0.6750711468935998
-2.4717465044736375,-2.325773625930178
-3.187957791120949,-2.765947025453391
-2.1889536450111127,-2.1298438912748416
-0.6987749618040926,-0.7712870906207271
-0.7139465657798194,-0.26002946812598443
-1.0094860976233537,-0.9985398211555321
-0.18853594170432153,-0.39935843259465814
0.646877908448352,0.3713201136536882
-0.004098985269892275,0.057717189852008965
-0.28219568549575147,-0.3429200489855485
-0.565675708103532,-0.2272883470718688
1.004203020301203,0.9922612490502773
1.439508623562559,1.5777218267984177
1.1198872570729907,0.6950437712041249
-2.0578354483390147,-1.7136241599447617
-1.7357763346625088,-1.774722141749042
-1.9559339113292769,-1.9010380640485012
-0.41251163474275643,-0.373306865597535
0.24816950263814963,0.2812744902869362
0.15530940383604808,0.15287351589705012
-0.569107546673524,-0.28537158835919807
-0.6901207504974227,-0.42494016327720174
0.4161206163551894,0.3386822077933406
2.2776606002735837,1.954052253778139
0.028599541231032255,0.38868163730851735
0.47414238057628655,0.44660890880378823
-0.5136373145035931,-0.5461783512370009
-1.7849804709671169,-1.6785623318100877
-1.4434333217902817,-1.149148035265535
0.25594495739276146,0.08284194026901096
1.4617434858342815,1.3796317061552912
4.305844751374028,3.788608500879632
2.665012861517017,2.5186311849146468
-0.6733715724521971,-0.7593018311335138
-1.1507341545250798,-1.0121702120074916
-0.3836637063987951,-0.5121958746293207
1.8926581669649616,1.5546095853515642
-0.5584651953849173,-0.36913351038239317
-1.1476017635756484,-0.814072787252624
0.8686742423207727,0.6571355031987369
1.1442027214079071,1.1749126586245093
-0.704211945404058,-0.5757575686753549
-0.010291388346260422,0.14936451685025878
1.1948712208459973,0.9218779508333657
-0.7816862542977084,-0.7091321039292273
-1.0104971796176525,-0.71375111706454
-0.5112603767195223,-0.3404574008102648
1.1055026129928158,0.7507700825821547
-0.8818941370616287,-0.8715084067398393
-0.25546275700132137,-0.34045143532504
1.0375033310002382,0.9696210590660035
3.5737546603516397,3.279026658827327
0.5063371989395993,0.36568704374131455
-1.1707023811476878,-1.2142506266621986
-1.3430138879760265,-1.3219254246939127
-0.8883679264665929,-0.843420439647359
0.707327550114718,0.6304187163667658
1.5300543845273014,1.0562875936167229
-0.8501428608466819,-0.6173544580670967
-0.23620140303715242,-0.36341961085458796
1.0128078050660827,0.6018126137630655
-0.9569357174478834,-1.0231861362257222
-1.7961197819472932,-1.4238662392276642
-4.035686581926352,-3.544988293582885
-2.8106330771482653,-2.650410392540165
-1.599235602389998,-1.420264775537345
-0.7766186465704834,-0.6296298141260993
0.41637535717468,0.07468462787154267
0.003900546066258226,0.10951530755390046
0.09385374983939032,-0.16664931020518972
1.2006562597985662,1.1116132402241992
1.94237022940841,2.1342816247229868
0.921942649186251,1.0944289264343587
1.643538764323769,1.4609192771983324
2.1291559571421743,1.8586490051130706
3.137735688050955,3.0511865015568453
4.657708825429491,4.399719028674172
4.077049756960712,3.685566016087843
1.39688031006912,1.6712981089999552
1.4568233536967572,1.3998655617116595
-0.7331815804829933,-0.564462512232473
-0.9865254233182048,-0.7261893535497322
1.1007503102874194,1.0243294207279392
0.638554775419462,0.671513983140291
-0.32347184948161,-0.337747727951356
-0.9104866333048651,-0.7047966501288194
-1.3830285837266105,-1.5221182341297657
-3.098761748751392,-2.8874972494857336
-5.955715306619148,-5.434732924522813
-4.472353258315078,-4.299251835903998
-2.0052715632734097,-1.9452049385024828
-0.5386862626836697,-0.7376531349621829
-1.9375830511869099,-1.6195200996757049
-0.4770302260151702,-0.5168809084892608
0.2369737421939213,-0.030117094749162826
-1.1580029720975986,-0.7601383427774202
0.5518975369903485,0.5042888054007415
0.6381279836936766,0.6280922540810587
1.855366429702742,1.6257419123273906
-1.4085170203020558,-1.598275492597347
-1.5280105051319746,-1.7958324964685621
-3.0025305899350734,-2.7801053736098544
-1.3651122003729501,-0.9779275661658002
0.25113318481642555,-0.006666969878242002
1.7607072359821316,1.467280567298608
-0.45779353526912026,-0.173130827299934
0.936461900081146,0.8944160974001756
-1.042172888205383,-0.9073605536586098
-1.152175029615778,-1.042225596443123
0.8605894029645356,0.6351351522775317
1.1399046551713266,1.076237914746866
2.6793752017587824,2.7468209829663905
3.216629067461975,3.297514160712538
4.13050907064228,3.847006581360105
3.189485284427521,3.197453304795288
3.379074092756367,3.511363484103522
2.690423963193183,2.410062394402779
3.026497216351089,2.669808429853352
-1.7345710628248003,-1.6492383061436313
-4.371362353054529,-4.000650730156721
-4.156467178031832,-3.9849121456108625
-0.8236315626797452,-1.052209961141677
1.6525474957646153,1.3369237853706597
2.1624004455942547,1.572680467555624
-0.7876629807748312,-0.5204179474431755
1.1314606257137676,1.1198399642921886
3.4278239609552585,3.1726024419208896
2.37520776673286,1.933303561204025
0.10483919417591991,0.15886251066802567
-2.1626016229329625,-1.9134966615796472
-1.194935405835956,-1.192835631998022
-1.8489629650497257,-1.9538526670216174
-1.4994723783811281,-1.0286726093413954
0.827039916235055,0.616767162997693
1.0416987525727617,0.6697871143211368
-0.7124620350796045,-0.8708167608380489
-1.579566365035272,-1.3284241303995223
-2.086153112413645,-1.7828340200840946
-3.8645927813482475,-3.7554656310486765
-4.40226504059234,-4.1481257718086
-1.8174598240439446,-1.9334994231444649
1.5845441014166735,1.052806432025326
-2.386461802020599,-1.4581325052930059
1.0516050288646897,0.7072312199764299
2.126763595357624,2.058715550697741
3.2139009081619827,3.162513278333018
3.429403344751784,3.418638969276318
4.0231050187897255,3.9798656368843797
3.3736451357223176,3.053480136161874
-0.759103487751033,-0.26724113072990546
0.08414622393487292,-0.3055825397199312
0.9499001243651177,0.7736125655316449
0.5782217680463502,0.7769976359726525
-1.1761329916748293,-1.33259279635475
-4.557519961804349,-3.7131053617579104
-1.864735802856364,-1.76193655514546
-0.8166637332087276,-0.5428000179690506
0.4662826226048349,0.31197824602243934
0.006035417057219661,-0.1105135763552332
-0.9482508045177056,-0.5566016013854379
-1.0537405001523386,-0.9053045208331936
-0.7977745489837558,-0.7272185699709248
0.9525017287537141,0.8723631540267314
0.17289822700515067,0.12447015193874919
-1.5351173088123664,-1.2221789509108039
-1.2969855098496996,-1.339732703628933
0.3166433466741756,0.22455000740720282
0.936525824023331,1.0086168433365268
1.6825531156864857,1.2451556968385988
-1.4200512379688481,-1.3315827598908347
-0.019020487547924958,-0.4548612296312857
-0.9655459157655413,-0.9498810754438239
-1.6616508319273695,-1.361312153652013
0.7521007237460466,0.4766392329296132
-0.19681046355148357,-0.034000103936103615
-0.2741653486211275,-0.5124500899273644
-1.979689206141562,-1.8246564996750474
-2.6662747327616447,-2.2288979862857516
-0.022291091931481155,0.03358101320216805
0.9879297809808563,1.116733669605091
0.9937392174772803,0.6777152023838794
-0.7351871334480258,-0.3712129483861494
0.017480548505818483,-0.03236746470808374
-0.6773099169304615,-0.6094554168674713
0.26943847194343906,0.14566037434349094
0.7764281039105416,0.9272224702372771
1.9000944527290962,1.945803618821493
2.148339490083713,1.9216658859578668
1.4096013582187705,1.5420869382598186
1.9189335029068024,1.695062805087945
2.0674320370662542,1.9811283931529124
2.101004255424032,2.0510173924248236
2.892308746298193,2.5995256384064263
3.2048366376950614,3.092681333760816
3.014398619138598,2.6965551253634303
-1.1231449599048684,-0.6444971640141646
-0.30267517481691364,-0.48266197646228903
-1.9751963990184347,-1.8999843553369749
-2.902877918177162,-2.568011779064213
-1.0479319231297008,-1.0245346996680371
-1.1814072135043263,-0.9926588933485838
-1.7726097395487272,-1.680117827138041
-2.4973492238111072,-2.3756467711397105
-3.8569593130133164,-3.544583122939582
-1.8627686945087314,-1.7900709765403224
0.6265892408829625,0.5142684375650455
0.8749789449416285,0.6918371026368166
0.6396196739382383,0.4728789613993826
-1.5821536049931009,-1.5916333443286057
-3.7308926243138227,-3.444085819115041
-1.7892400556440178,-1.8254566976847313
-0.896741041830099,-1.1364230050729471
-1.1128398549110328,-1.0283857360130801
-0.580681517958852,-0.44990829975192037
0.44561438510226736,0.240253910292038
0.4876263496260336,0.4069445885725774
0.4125097899947132,0.4834149075150053
0.9641729085490489,0.6938075719691121
1.1604545590172624,0.9982971371109143
0.6215449410927807,0.7692028714748045
0.8256863095666978,0.8702790918299128
1.2787175242726443,1.3185016582339815
-0.02243164524279795,0.24207800311768288
0.4142568376553415,0.2830578046294173
0.4824838044157733,0.5097912559698154
1.0552988362960347,0.9714037215972663
0.8820593199984281,1.1233414777097934
1.1978703335628729,1.2338602955452709
1.3876707467543499,1.1688831232061705
1.2750952858460298,1.1503421385340968
1.3167078893039799,1.3511737809427091
1.5427014620160486,1.264706083305779
2.1639196833052856,2.029453597958277
1.927732587327308,1.7446240882444253
2.0808362551631268,2.0667913767386374
2.6194264936867286,2.2653460351385175
0.5569168863958311,0.5885941612150184
-0.3760993819179923,-0.2833673915594132
-0.6874678605409965,-0.8307689194119922
-1.8986149959026775,-1.7740090161850688
-1.4192637262273575,-1.3876141949347398
0.4047471083649916,-0.08742186547236253
-2.491292384896063,-2.349865015124213
-2.2614451391811334,-2.3592509975046565
-3.529812283582581,-3.2922646221078296
-1.3055300637671094,-1.5995921969819036
-2.0674539787572908,-1.8271003646445776
-2.090921805341246,-1.8570273197490796
-0.8821515493799781,-0.8523945700770238
0.19994916471846547,0.17704435489772818
0.535262310851908,0.3319648939413181
0.26074532432882164,0.23806198156185218
0.738420314893913,0.8261578049392164
0.7132444093752834,0.6259283012351038
0.8161562960260624,0.9078159839864685
0.7912468147210998,0.7432581249034108
1.2669958585046541,1.3015492686034922
1.117583477744015,1.105216646672742
0.46698407790370267,0.46157256400936353
0.1941554442658937,0.1209625689520343
-0.455844848407045,0.056880206277311614
0.11262709319238384,0.21281290853183013
0.7917380458519045,0.8649323052417084
1.2178592675450362,1.0948876422048333
0.5225014026409722,0.6734205758494961
0.9440579100565882,0.9919658845274798
2.109560706432782,2.0467688309223515
2.155584086215458,2.0154129955409608
2.5853949148267534,2.422171625859595
0.028904465278272173,-0.07283981032402095
-1.902094162958238,-1.3991668306617624
-1.3625272194078506,-1.4211002488486926
-2.328964305197447,-2.09393095434224
-2.3103916046408424,-2.1173775579294034
-1.9345003563252243,-1.893242381255682
-2.184643841726251,-2.4725698401119685
-2.5426711671703526,-2.6773087737904433
-2.515209864020208,-2.3383176233535425
-2.501007718514492,-2.45948879173131
0.5149535817067212,0.03211051077048921
-1.4438357836789049,-1.2387509830825107
0.34413145443078097,0.0066016043333551044
-2.2281847591466475,-2.140982538361886
-2.2990072728227275,-2.4231277341233364
-2.49657435249906,-2.020518341026319
0.7824616347380244,0.44041827581955284
-0.5528779921711742,-0.29131159958290287
0.852512445358836,0.6570332150327589
1.888171560873201,1.977121428765222
1.547546801485355,1.4512805564334545
1.9581916611791925,2.078878496430863
3.4884711377865365,3.360845641842037
7.281645943542853,6.383821808834605
3.7604490207817465,3.6175683870850586
0.4977822642149903,1.0931746674528127
1.2033214962236585,0.7923189326416107
0.42343855562619837,0.5649184425135043
0.39312684503737216,0.18149329196934544
-1.10096849261609,-0.5255936452884618
5.309151012387929,4.411734616715798
3.6770447278100153,3.581220870868161
1.809672244553214,1.8865878893700696
0.5584292997872904,0.49927555859172407
1.6844460275100719,1.7173963807695847
1.6776992107266526,1.7660913417873672
3.045060499931406,2.384282499557539
-1.553482364027177,-1.3810479461337055
-2.412605519588311,-1.9756557536733241
-2.183315460580742,-2.1633647258759305
-2.457572787635538,-2.863589917803323
-3.9681662327261087,-3.394836980636906
-3.8920523560571674,-3.5929481306048148
-3.47417967952269,-3.3662344511479487
-3.0677606983048893,-3.1534874556257795
-3.543721015993892,-3.1108066771874325
-1.9224784375601445,-2.1872874362466956
-2.1707408798132484,-2.2052728048683763
-3.4195957056104014,-3.277649367810766
-1.1838304272686813,-1.2640786730006088
-0.5751093642719862,-0.40520947968389864
0.26234706560636134,0.6406069601714863
2.6982970850647447,2.33978391849063
2.895722078259629,2.850501278194275
3.2229622111549503,2.9926396931560864
2.3043055754454116,2.53499063933159
2.2459123439352062,2.030489124867297
0.31438242816971496,0.47664467674227556
-2.009036220616858,-1.6163204960279165
-1.617589299026049,-1.5596881070689328
-0.9891656903228689,-0.9742994320081039
-0.49544918903296065,-0.4651874411231376
-0.6344032413880463,-0.5805780657540581
-1.040974294295495,-0.4931782231510787
0.5131158790254133,0.42905912775657035
0.18074830316483315,0.5033745952278341
0.4470103995783248,0.6657526583779578
0.9374313226516264,0.9980732731889022
1.2922286350505257,1.2948899124150326
0.6373033604790788,0.7976733959232982
1.2170768666210279,1.2742978260056026
0.658897548646026,0.7176270974449912
0.34271435618054724,0.36988080724841155
-0.4858450261383176,-0.1972059470086736
1.2937389926558858,0.8204367518704698
-1.1579310433248349,-0.947695001662104
-0.4962583053700378,-0.4575496587462391
-0.2177998370742582,-0.4853439116676387
-0.9221323401249197,-1.2137019027878657
-2.6469229407764026,-2.5497136721790756
-3.0570350580888466,-2.969629151187945
-2.0130028765561363,-2.1047015384581864
-1.2160611117136622,-1.1820070587342748
-0.1748790858221856,-0.18185583241589592
1.994901672914482,1.481948852661797
1.1925673144406197,1.2448726853710574
-1.1092815815150825,-1.0830089747096225
-1.2947285700818796,-1.0688615798265064
-0.9960476445006865,-0.9459377208570203
-0.4562343894179044,-0.4482592646865432
0.08240177740585075,0.006838195505476291
0.12436300541719802,-0.03960453479236459
-1.1979770854713454,-1.236047039855731
-1.1437755713968025,-1.1789105803689304
-1.8366586862854897,-1.901278124086885
-0.27942060391598567,-0.10617732827964174
1.6432938005704791,1.5903398732621692
0.9393628575408908,0.9908170606258139
2.486878392204715,2.1462483185612165
2.8208368319023185,2.811816999964961
2.7514990152417065,2.474135178236923
4.092220401026261,3.893399255087875
3.9505350663139938,3.809533388728732
2.9425013411576213,2.978591384326893
3.07581308200713,3.236348078284819
2.284662799088542,2.4075458385895994
3.5070829283703775,3.0678859570232095
3.6325020557065955,3.3031822846384684
0.4095446809797947,0.3951955424363397
-0.43843745300852976,-0.33434192811865615
1.4638948007024561,0.914581898937131
-2.481435013780432,-2.1031599692803464
-2.4446144877720997,-2.3644696382288015
-3.7971643125428853,-3.588676867468421
-3.411052415008273,-3.544511243205702
-1.522052699214954,-1.4856519436292406
-0.3821819310255057,-0.49413876910748494
-2.115670805419307,-1.9101935447952265
-1.1111181507838594,-1.0849545095715007
-2.61255786670851,-2.6986834833996176
-3.108620873807856,-3.048605642720261
-2.740981694208208,-2.2268456992512284
-0.6550258789384085,-0.759757591870019
0.05387133741103822,0.03549068583747622
0.020273389336783243,-0.3813588271249542
-3.99607325767077,-3.539470181606335
-1.9283322747769107,-2.0639932171237576
-1.074787208286097,-1.0089389736714285
-1.868278964585171,-1.6636983444155542
-1.1798130175568726,-0.9815492802399235
-0.008638181297770053,0.2380382365809705
2.144887271461397,1.9777007674512233
2.1800110324597792,2.3512292504231413
1.578745708604649,1.5808789772947933
2.3551569228182863,1.9815178282571417
3.0247262249280014,3.3328901662060004
4.684522057460774,4.205132367034998
3.3684871110739123,3.429944169457178
2.805291343793522,2.7696001682953684
0.6162559297398233,0.660822256370158
-1.0760176330622482,-0.8599947411285592
0.4644155595264169,0.6711049180606006
1.419107810588413,1.3676695956976128
3.4867364756102326,2.9250263765567652
-0.9088638416448296,-0.8170101382570006
-4.599159125535639,-3.841009482094976
-2.2645926699428935,-2.419831260154366
-1.070852821046062,-1.0910961603233686
-2.553515914028313,-2.2946840989290953
-0.9279393808337641,-0.9358802925902561
-0.8046156773483899,-0.6074803215863263
0.05610742492983567,0.03178706638107559
0.9235718694404556,0.41766291857865906
-3.1781577661298117,-3.0146223069757476
-3.034733103510448,-2.7957510052453665
-1.7836460158338543,-1.8338502205299179
-0.646814399000613,-1.2412864598486968
-3.2278603574189186,-2.57138110482387
-0.5928592893771976,-0.44339216406412335
1.1553589914583138,0.7592245318694668
2.932874755922562,2.7332950958092437
3.4815628878577023,3.130018767553117
2.182634850207176,2.2072943705630386
1.0075642341479982,1.4595889378727285
0.8082177259104286,0.6669551580603018
0.9930766244595635,0.6556408610678838
0.20504297130486382,0.23922225132297448
-1.711402821175306,-1.145339105641022
-0.5331347439463077,-0.7411676214668971
0.1541911105997329,0.20304983729571066
0.21831483070015967,0.3379489891913789
1.4047670681678728,1.0634639499800598
-0.13561747595525997,-0.03395691006022999
-1.4263045655651805,-1.4214563200678572
-0.7158064897209782,-0.5936928678522101
-1.0109149938585977,-0.9533187497759912
0.06978407156776445,-0.03913949595568009
1.9085525818258269,1.9619155724832038
3.057734530566612,2.630178160243744
1.62873006798835,1.6222884476500123
2.513432539939825,2.4740587322375758
2.402642818756462,2.4560845817371275
1.169218435920806,1.0818986750939628
0.19686005965799325,-0.06313291992046377
-5.257753539669226,-4.852134382137405
-3.4823173814001347,-3.464596159122178
-4.707821080149643,-4.68225847036913
-3.3079532823383415,-3.166933127358946
-0.16053119450478714,-0.4068185977443168
1.8832206758213106,1.464555152992885
-2.0403535897535603,-1.8291847176069154
-0.47683305603366577,0.112891330757906
1.9314179295960523,1.588672476014976
2.4814143668761917,2.6381156606087353
3.5347161389297392,3.195212041611524
2.1112186069399232,1.9513398404467004
3.8370818071095103,3.314300123879481
1.352794150378089,1.1033879514338496
-0.10857363340028581,0.2087318562718956
0.9159749884953303,0.8212398366166834
1.3216655695787516,1.5219796856422951
-1.5336638893599428,-1.4184656974089824
0.4875706373600739,0.0023526554733639404
-4.34317569414405,-3.591171468826698
-2.082186711526192,-2.4097413201211904
-5.061213104069088,-4.71263490388174
-1.8019281835923255,-1.859526559549215
-1.043124857432245,-0.919848235110406
-0.28633953392000056,-0.2437057412216123
1.343293924232026,1.2876432019349084
2.8569428516105795,2.7955178592437093
4.002882779472895,3.7690459747696963
3.0520079306680428,2.355130312653885
2.1450224668012687,2.3320147952704393
2.497895390448438,1.6686211691558175
-2.1099055739388177,-1.0265530252967299
-6.14954513921364,-5.897114518158608
-2.0917891909410447,-2.0605507576492674
-0.6582232731047295,-0.6349189045345284
0.900753577751118,0.7260756660448806
2.225597446577713,2.0443582542556116
3.068509452127752,2.6516638902012537
0.4416277994310489,0.6087945344133885
-2.1947113529791107,-1.9572711733563333
-0.3391492341629663,-0.7391392204826612
-0.8445777087860353,-0.13927612248472654
4.997680914165182,4.203564840052978
-5.502873705809261,-4.633901909513066
-0.9209524377421934,-0.8514940707194427
0.6441219417983337,0.7364512144806075
2.3362474446065598,1.8903392201234652
-0.6951569503925343,-0.681985199624476
-0.8502932351116952,-0.3881352937760164
0.3414342677966369,0.1650487365373631
2.1669607114019467,2.1317499934670257
1.4974485289947586,1.427889042234668
2.7119989066333066,2.337018339562292
4.421461599557927,3.7651698080981277
-3.251954109318543,-3.1306773694223664
-2.8435251611464105,-2.3634775414526987
0.41187678342510825,0.16978894188674254
-1.0777024903263204,-0.660407185129978
-3.9663649707639435,-3.796580159733417
-5.000842075833003,-4.618367191682304
-4.937767766486014,-4.660007960132643
-0.5255215837025187,-0.23645578683161217
0.49148650274017314,0.383732788649821
3.017046730126454,2.463498895274214
1.4510535420375579,1.678195316445456
0.5011275751708331,0.3933684488566627
-0.6945389300898102,-0.7509632995118174
-0.012931322156037872,0.21444759726241192
-0.9745374308485095,-0.6162539151729209
1.2912191306563923,0.9545039749973319
2.2014258042711585,2.001968258432652
2.126284512225107,2.1863243675764092
2.0474418464946327,2.1522826831108746
0.942783358728903,0.8990258959723219
0.12501101285677318,0.12781272386635253
-0.21046467669474822,-0.3112747395324039
-0.29141348363832,-0.18021920804103478
-1.2561922566151118,-1.0535412200115517
-0.7399642888576148,-0.3520270081942296
-0.7482391923770573,-1.056748469358875
-1.493183054941075,-1.295502414122939
-0.12610160234409395,0.059646386641867694
1.7302836642462829,1.3929119637594611
-0.34570076299277375,0.04053416425280296
-0.20750786476381666,-0.026004069584636948
-0.3476071345313514,-0.1687434711292054
-0.6549519916672306,-0.8158608350109906
-1.0805888979965106,-0.984535833336771
-2.639431315646461,-2.3320449952473603
0.28665835187870403,-0.25483537160235414
-1.7615180505998085,-1.2333424015206003
0.5386750007558785,0.3929087104956873
1.720917290864116,1.386938802302105
0.550155231684605,0.6406797328351059
-1.8733943804736066,-1.7100239346632526
-1.8121443941160384,-1.548117410967021
0.23746731632968654,-0.1824855098981949
-1.4442600938419785,-0.973613612815353
0.6020826600583762,0.4249394287520528
0.03319502101506,-0.3055855491528666
-1.388777679879773,-1.0448769669979008
-0.5768761767862225,-0.7531610305375023
-1.006632321065581,-0.8928099901288449
-0.19199750700443197,-0.030300368380403554
0.9885424950790931,0.9624154309416397
0.9212859961901856,0.8124036488438406
1.3659092987452572,1.1990355452855666
0.8219357610372438,0.9417338103708013
1.0275044559996198,0.7770319670681693
1.3757295784558474,1.205472179560799
0.597727981415221,0.5970290359189011
0.8590371612888017,0.8309796944849461
0.6062816063703336,0.7391681704559406
0.3471824781899562,0.3442855380139979
0.7170428271161615,0.5676630117238881
-0.4024576878736905,-0.33948277516261416
-0.01937306947503714,-0.14866242502018912
0.24735965237992552,0.3043355580280722
0.39112436511098103,0.3542601159856892
-0.2112796753435715,-0.2411203680791325
0.06762439443987134,0.08999389508496963
-0.40428921306183696,-0.25235755758918366
1.0134069957185643,0.7509663420872086
1.038419292085865,0.9799381635257618
0.8406484664900082,0.9405500484805591
2.015693077192201,1.8710817957463324
1.4543347908053246,1.2932939416884641
0.5330781730113161,0.4596247781627836
0.2465864943451308,0.2436652467501742
-0.03509257019298939,-0.1585819451375494
-1.4135246797106529,-1.301084894526525
-0.3305358702481538,-0.39883488515737786
-0.09597613504422986,-0.27973455385697665
-1.5982054422140544,-1.4429362071417904
-1.8556667111768554,-1.7716027641868892
-1.4926184698322245,-1.5519070087118354
-0.6212498891847202,-0.7861373802980245
-1.023422091249627,-0.928517861864032
-1.3565168056752026,-1.2291664230465453
-0.4823070310947797,-0.4979661557606469
-0.3549218407966519,-0.3779505158816342
-1.099111856530198,-1.044501806948969
-0.8095748799592388,-0.6815565874919527
1.0301577529518489,0.7209611084594503
0.17595730255159836,0.24295911682206695
0.19663847742579188,0.3327102351338205
-0.16609188326673108,-0.02116643622911782
0.213382335519416,0.17116279437112683
0.09667374759736935,0.09839317303291592
0.3592645972714923,0.15357349093815803
0.513508808378843,0.4236042353256306
0.7473798028354182,0.8853561685230281
1.584211691315881,1.4408002254999037
2.0048416614339057,1.7290803387317266
0.8201719479788501,1.0020526772500664
0.37727118176663677,0.5100123690743852
0.9258211566944897,0.9169181613631271
1.229450273364153,0.8826777652098049
0.28646375232361226,0.5447952265543604
1.7622773457057068,1.6027770756750224
1.5349911861307735,1.3026278351456806
0.5405028889266622,0.4797942099944661
-0.9825548694569446,-0.9290851241962041
-1.5092114985300604,-1.3243536070898025
-0.4229552590459559,-0.3209653793326505
1.2831510488803444,1.0679253719766746
0.7525224092701832,0.7412046676197211
0.10308500163400369,-0.09987645847340884
-3.538645650124793,-3.011712332103039
-2.0851043863569143,-2.1716874277868157
-1.631807765037096,-1.5638454060181834
-1.433125297797496,-1.2465790713803067
-0.7470899348331592,-0.697887774014183
-0.06695013550013096,-0.00694087511740335
0.737058383357414,0.4583591606140175
0.6842363833709131,0.5660204129124362
-0.7359864611913545,-0.472867180513734
0.20502976889380564,0.018496840963433986
-0.5966636976273461,-0.44322727097118053
-0.40481413665439003,-0.5021040861134709
-0.335630120242846,-0.17565517874623787
0.8506335803872762,0.7460407218483258
0.16577427809590706,0.21967766842782047
0.35557665469713395,0.11383292052051423
1.061853899862232,0.8398584104238738
1.2845203183980276,1.2321983593343246
1.6372416121741749,1.5939093792206693
1.2452196321176947,0.9284085448778286
-0.5021973917044589,-0.47856197822513613
-1.6255637051001255,-1.503467673013853
-1.3841185360383097,-1.279136389549757
-1.1533140632198258,-1.0370542834359437
-0.6829434308339852,-0.6271507906631607
-0.5929681665450728,-0.7080302418337903
-2.0004484945981496,-1.7554216836113907
-0.2997523818468757,-0.27429603622269916
0.769589739598886,0.7659790051179307
1.5877765698846025,1.496957418081646
0.28268345894564106,0.43564280982949144
0.7177725781419877,0.5771512478054301
0.2809105626444284,0.47182869947336614
1.8308944804809881,1.7753521456228443
1.7579719775465001,1.4639935184617494
0.8253547707835462,0.9024937000858388
0.5127001341739383,0.5663624721455136
0.6933250560737161,0.560558808198691
0.7547954567052528,0.7186997988678172
0.5651321735049599,0.6766908187449696
1.239680023312495,1.3380840599812658
2.2081550321852585,2.0501722895315297
2.325415505927708,2.308720526566658
3.122385908694831,2.807127011988296
1.5636148653448476,1.3265289815240247
-2.236113946163595,-1.7977846815642442
-2.4413982996086414,-2.308088104362879
-1.9144697629611969,-1.9359225554958195
-1.892732842422646,-1.7219683598113176
-1.8883970232446465,-1.71417860705813
-2.5291025681289288,-2.246088535792334
-1.8185071069053915,-1.9459639691920754
-2.2317689326415184,-2.253169503434784
-2.7733845255895293,-2.7484227436009614
-1.8198280943094431,-1.8932447476145433
-2.370636094434497,-2.12114905553413
-1.814310987945884,-1.9100428132659257
-3.013730800759326,-2.7052414490630223
-2.7368319068453086,-2.583510653734872
-1.480420645899068,-1.323621626596977
1.1365526073524048,1.0104721250749171
2.8833154302949513,2.492938505936943
2.150028057600613,2.344085593059555
1.2763962445363735,1.4102237768715782
0.7640331109195788,0.6641408330869341
0.4653433129178097,0.5281292189169006
-0.26964899119077756,-0.15669493759762484
0.07138749224009189,0.048885637521270835
1.4129321093071727,1.0479808513427962
1.481365216383507,1.409825066625697
3.015999234707918,2.657677355963903
2.778894828042251,2.6114072999156206
1.1737580541992454,1.5099345413655916
1.5262187433227332,1.5151692061861017
1.2817645696617017,1.377592117509936
1.3825916066834552,1.54752476156948
3.592085553036741,3.6066478326746982
3.8169749816290643,3.167222208119161
1.110653367156516,0.8501878165903546
-1.44034342513819,-1.024208425192026
-0.857951695177011,-0.8269026895591969
-0.48542789134239506,-0.623465084954812
-1.24472458204818,-0.967163472194628
-2.203505104117548,-2.0190114468903566
-2.5634686555849076,-2.5043955669313767
-2.522839349732367,-2.4347842977778487
-3.0723514584403855,-2.7848410585145054
-0.48066904425485646,-1.0748545725449485
-3.820681592003714,-3.1463034748345096
-3.4741266638102815,-3.283635510798433
-0.7351415029946189,-0.8115840220733882
2.131091566121741,1.861056976676699
1.2610704360918188,1.487160248058667
3.8077375758246443,3.597995258744451
4.243160655185198,3.53779625070676
1.369466287390308,1.7126651090755878
-0.2866183792448673,-0.1066054635107806
-1.010058859647474,-1.206246612560482
-3.296993599926086,-2.60745277850031
-0.24309092759980544,-0.7474199105758291
-4.11063146455251,-3.5902000746257445
-1.6440380687413736,-1.717309346391491
-1.56029921462296,-1.3833269609636567
-0.31502501934655136,-0.3869974285389083
0.14201246825461222,0.07622461489549734
0.2844838377644683,0.4399522793141082
1.6058163090788478,1.4484742290206645
0.8905556857859382,0.8908812905625866
-1.47531717090708,-1.1541006306318782
-1.154301287691612,-1.2163263571936362
-1.4574307963210966,-1.1877802725717916
-1.1199090778571996,-1.3465133652245858
-0.8888746773347158,-0.7295670459164394
-0.41903288157413154,-0.051543899385790556
2.960404236894086,2.7582895368346336
3.135767170961465,2.677486316106515
0.2444823468554862,0.3019924221318517
-0.0225808478206444,-0.04574988451164255
0.14108944035627413,-0.112808602312641
0.15299754438745428,-0.11218378608250301
0.800201285748388,0.744114696844401
0.8164700891881411,0.6578229448804022
0.6048987382402551,0.6793671756504508
0.5876386211833431,0.7491110964341688
1.2354116577088012,1.1059295027667748
2.0568059823394176,1.983180585718812
1.8559896040466293,2.1821877526605324
2.6863807120883574,2.4572906828443393
3.778137869397826,3.3784307205512385
0.20320841685969926,0.4624427228676198
-1.1282702180584567,-0.8985722514234684
-0.451254891702614,-0.8268945883672374
-0.9384002890307164,-1.0457033764679735
-0.5591135867392971,-0.4586994796842096
0.8069634016503333,0.6958760213628232
0.12164963760143666,0.024385688294252042
-0.5653522302740581,-0.49813274379450473
-1.0627677712096757,-1.1415610941382892
-3.1234308922930376,-2.645976086936532
-1.6456112204162203,-1.6796151737809066
-1.9949919417299227,-1.663111754500478
0.14261466538909823,-0.12396022171578602
-0.20561847404849273,-0.24296206207140475
0.17305373252539594,0.3398962605446905
0.2940176033027806,0.022323887978428714
-0.42517616840129063,-0.4063413048806841
-2.1982893374763104,-1.9474739087516024
-1.2886841019164241,-1.1099096870550051
0.404255144141755,0.27423399424255096
1.920772541257029,1.2592757230096372
-3.4766538071522772,-2.749674750554294
-2.117880071802121,-2.3386374926469604
-2.6533532825319197,-2.5315381664243506
-1.6858258173131704,-1.4489326720228461
0.5209515722471596,0.5294598956575884
0.7090108432895286,0.7032923589031309
1.0400234870842118,1.2571795158258041
2.5295394894274716,2.4171540135568934
3.289150294237899,2.8512603971935793
2.582423329604791,2.3396770504740148
1.8954834899640707,2.0626265594438498
0.7682292642360271,0.44796138766789684
-0.844283446619726,-0.6334484803801582
-1.6920506398232842,-1.3951409281898457
-0.42559113419040573,-0.43354952520463735
0.8949436190288589,0.5471070312852486
-1.729435388348322,-1.421380163366417
-1.519098408309878,-1.307986270390054
-0.17420426233680963,-0.03414972839048219
0.9885967176518067,0.9584862682361398
1.2792840084133426,1.2981706263009598
3.1401284347932688,2.6202924069397624
1.9532912092659176,1.9748074971280658
1.752436607263789,1.7938672686943886
0.9701775171755589,0.7809529030157965
0.8926556872024163,0.7099794197467083
0.7059140035829374,0.8130524752966877
-0.16758412005123446,-0.38817097768886566
-1.6088624246518677,-1.517806919033709
-2.3221628273147976,-2.155846864047355
-2.003146597767439,-1.906400909927531
-0.4345747944640417,-0.7633759956152576
-0.8436398342444971,-0.7616461951864774
0.0930886035654721,-0.1751924972916789
-0.06133225282227972,-0.13491979124023964
-1.1326286828090781,-0.9558730149031723
0.4209208716166346,0.5653426433420088
3.659171061462575,3.1938782766153135
1.1174675498001534,0.9637381642791651
-0.6911159760880219,-0.7646797057397985
-3.8246295218526676,-3.295518866411688
-3.0402231733555203,-2.5426634824292407
-1.2569105931281959,-0.808406885290108
0.44513740891989695,0.21768308586429524
-1.2607766777988534,-1.2948564468630717
-0.8879255712953906,-1.2592067944999368
-2.458046606871582,-2.1839003037765425
0.3379816657730039,0.1970602834112167
2.188659675148447,2.108574575485947
1.3967104901667433,1.546623678514843
2.0228632813165266,1.6606269887654612
1.9498181874077751,1.9638819986970337
2.2061734355998306,2.13380667400123
2.4345025964381275,2.3398001284885463
2.05137529245357,1.7606295632494624
2.092281804618491,1.9638176501627531
0.8517763202698152,1.2141701433012582
1.5309871468751028,1.0602233230366247
-3.018165042134714,-2.4432066635247183
-3.7030978230943337,-3.20451982619521
-2.041510425282107,-2.209859287686514
-0.009805174771838843,-0.14572184483411554
2.9929942093505923,2.470243819563464
0.8186968476476846,0.7077177531221603
-3.6934425633782944,-3.3910867251334587
-8.359845889225902,-7.13914438134533
-2.5818547489747736,-2.8600605055762554
0.7347969705801063,0.3081332833430364
2.289460780195504,2.4416443268326775
2.2817654491035233,1.8940340947361363
2.938650520019932,2.8526431437499196
0.9378761925467565,0.801795867778273
0.24675799826066225,0.10238162184929123
-0.49916735442729365,-0.29297998918407586
0.9974568758299647,0.9698203131715268
0.7116923737707301,0.6036166331974218
1.178682683295695,0.8955203229548752
-1.4347272340368988,-0.9468845637047314
0.6897323642687532,0.2366470366896026
1.2830542962849307,0.6903117121179524
-1.9554525821447495,-1.7642644933337368
0.2852204676363863,0.2772990904729844
-0.8209596633908305,-0.263585730479068
-0.03988648674781903,0.038135148727437784
1.7156690831060537,1.5315018496997055
1.5866838914704147,1.202662468824847
-2.974998530682144,-2.502965474932399
-0.9375952869928632,-0.83585904137739
-0.5974921746050219,-0.580761281076331
0.20880749608625937,0.6535443298328174
2.8589133879584168,2.8017071706913934
1.9106960174838825,1.7389941997495433
1.4242677098143117,1.1529483131059315
0.9731878027559908,0.28516535239518825
-2.409777007320425,-1.8762251655920905
2.3022208108165394,1.8757474481335006
2.5392127058968965,2.3338087264357648
-0.635751264520529,-0.787387880126254
-4.190108328926823,-3.5242745057911584
-2.8974521857976576,-2.7913033516748476
-1.6586276288976904,-1.4474756089874061
1.0048918541829428,0.9614582712170927
1.1219630644223795,1.0915684842856974
1.4615943127658904,1.2188210591544517
-1.1252502143795908,-0.39731508965008
1.397420112643795,1.07104122944548
0.7968703595980715,0.5894617185793681
-0.16434638249654743,0.06725549438674305
-1.0764191799132856,-1.1826739815349834
-0.23243402044850736,-0.435991244241321
-0.9416937788842494,-0.6168909684446311
-0.29322017012094026,-0.4442042570574522
-4.083195701445967,-3.5576173787035916
-3.0300558335340835,-2.9842847027640773
-3.4499357909148047,-3.0156993585809415
1.2084070986833613,1.0061208581714318
3.102049748375673,3.1884720199248515
3.0629282452967357,2.9698535198934453
3.078553335430809,2.560508811463797
0.8859883899796368,0.7810127442287751
0.5161665675543938,0.6019572362093389
1.0774254209640826,1.0761527712841559
-0.48842287295701725,-0.37185355710058987
-2.442201511227332,-2.0463311529442056
-1.2020568194609873,-1.2256551712105745
-3.3442481353312012,-3.365172549695915
-3.3750590681850245,-2.7818686178195735
-1.4671107901816685,-1.702779634181366
-1.627634768953052,-1.4455336014662334
-0.09531341102612245,0.009947444549197104
1.74383660124594,1.419626851040806
2.2749254288840266,2.193674870841755
2.9593269395490123,2.6029831506707968
-0.7619975823735619,-0.33139562381198584
2.28259488300178,1.8189650810935336
2.9920964687154514,2.958361457389146
0.818764969677233,1.184778577419343
1.2052324756276955,0.740183678995022
-2.6666061178647884,-2.0204739134262772
-1.7535112813822078,-1.7954654166286224
-0.4846935738623692,-0.7145188969620186
-1.8806673084486731,-1.3617185170957389
0.8299845573673723,0.4958907137362096
0.46458949453646303,0.4587271506584069
-0.9550312021747476,-0.9748946510635713
-1.0103346097678036,-0.9254488071323087
1.1511444725665076,1.209048519187168
2.2433728052444617,1.804688207913908
0.6548014640007986,0.8688258253915183
1.2421053586876951,1.1969013723695685
0.5337506226427191,0.4946872056325486
-0.7746485535560206,-0.1539496397776693
0.5248339391583481,0.23308682895941005
0.19757786371951536,0.1407966884167387
0.7385136500623286,0.7923453274371617
2.3318879932038445,1.8710361481853055
-1.4913919572525454,-1.2182434514855027
-1.0284445976808985,-1.1144788394570249
-3.816272663372098,-3.364976681012442
-3.151197991430382,-2.987275432385608
-0.41996957358223996,-0.5974826358840551
-0.3020651984210061,-0.31196625268071254
0.4629098202414865,0.34165312018796357
-0.1782215193357728,-0.07147638992228048
-0.9107930648172728,-0.7965708894712499
-0.22411279217603974,-0.25539895382883576
0.5577091667801528,0.5009392526217109
-0.8347508323903456,-0.6890655504142957
-0.19936005377381338,-0.028282142626202905
-0.480197074520023,-0.5530211282081104
0.11745857154261241,0.12484310584816657
0.9668240245019706,0.773081617367365
-0.7367833319895558,-0.7002813630538016
0.10989679777416939,-0.1068249104423255
-0.2264110804471322,-0.10502343216460074
0.6692906290604057,0.6394028322592499
0.6028228951700529,0.6456959697343824
0.7172427637257481,0.864519795291004
1.773720623260259,1.309243943133552
1.7102676205581133,1.3727399885238942
-1.566867776025203,-1.1167557603080087
-0.5813010373911784,-0.5535720734064794
-0.3217713984727508,-0.30363058351278727
-0.41131814347069895,-0.2885063752365895
-0.0457527950970138,-0.0947092152165844
0.6814998634186127,0.5322781162067465
0.9729059975187173,0.9121675227030869
0.8056433445682858,0.7169169998104807
0.8504263117626496,0.622507940772202
1.2556434650965485,1.0952315110072945
1.6225472754284471,1.6384083829730207
2.178782060342637,1.6995754599627515
-0.3977553530543356,-0.47019507402884475
-1.975062635159369,-1.5424377359424772
0.01925470933711848,-0.18117701382848872
0.41229949123713094,0.23126177595489272
0.2065872964227089,0.22464306162347147
0.6848542917531184,0.5609824999285804
-0.28789664777807844,-0.2696454341978201
-0.2277354135012628,-0.17916369422071368
-0.1506865001263169,-0.2341439250756832
0.4208680163627221,0.29923150923889563
0.4010272712534766,0.32146458469418193
-1.4099894343313029,-1.1732224955034916
-0.5332978859563107,-0.6908243162898342
-0.1636985865199082,-0.20844374855399905
-0.05917299101046125,0.06989149338523823
0.565276357364332,0.4539428570968156
0.9246255338460484,0.8208901770010502
0.47230813283251,0.5470932120712333
1.6140235521195776,1.3555810582905503
0.009756943814075825,0.39341107003954845
1.2209835197356655,1.1149292787457474
0.9751355931721943,0.8979791113472604
0.7365175166079976,0.5550563685906164
-0.04923559414663603,0.02022182297227381
-0.8538059959945545,-0.6545050481606378
-0.3378756296312668,-0.42881548057081087
-1.1035803779908846,-0.9322304156226474
-1.1794103462953418,-1.133954235252457
-1.1238544585291488,-1.2019670364131905
-1.572967679971959,-1.1439657728140238
0.5258009901123444,0.20243875919675236
-0.09741100092203547,-0.24503020225665775
-1.5824181252650757,-1.4208508477389077
-1.5712624318198576,-1.2854545361045973
0.23102363465304698,0.09167676965168306
-0.3961090559576421,-0.4114420701341468
-0.9391948001488704,-0.6776657299463833
-0.25053662988527803,-0.3459699387125276
0.32564802873002874,0.26230336587857317
0.11936221909795819,0.3385122032073654
1.0430822786671512,0.6816065519951562
0.27550702352179623,0.44657821427801625
-0.6560206694278543,-0.537052514314314
-0.9641407711638115,-0.9683361274200694
-0.83959072640502,-0.9486897695966605
-0.6723168592921995,-0.6004713465061091
-1.5749819609807725,-1.386824872171211
0.15700946474299293,-0.06144374088968502
-0.3942236976682567,-0.3534118777915235
0.8011874632743394,1.030719668561838
1.19117663038086,0.9342073135699611
-0.06352512113594955,0.29454590547639914
2.2488124265625853,1.979369028869845
3.089312030700473,2.76869588086522
2.605322535061334,2.2562042350630764
1.6175561406865908,1.7330340943280218
0.967777674741046,0.6380717021181426
-0.5653669187835177,-0.4111356004436405
-0.4841064369576351,-0.35517204249149725
-0.8382561736746119,-0.8969341450250904
1.3554500539667673,0.964352232849381
-0.7391754197505263,-0.6028867915662165
-0.7936889876971973,-0.906317753205613
-0.6813280965084623,-0.6798766402832186
-0.7601695366196326,-0.6594245730143895
-1.9154504074913703,-1.566615752239438
0.7732669036540933,0.6325388792912199
-2.0305756538265456,-1.6258782764889923
1.7116126061652839,1.4622409001935934
1.7329605104729549,1.4768172189658904
1.0449171713364152,0.994956037361621
0.7232170362027546,0.5650260314020398
0.5147394355378125,0.5679307133000258
-1.6501244216479503,-1.2007342119122604
0.15492156882357655,0.03710599749959617
-1.1299372666651344,-0.7771359308847046
0.7546724282617792,0.5121841097861548
2.814484677197971,2.697475609098011
1.1942630029247177,0.5669295094763978
0.59517115758781,0.5838524361269836
-0.9793207665973824,-0.36781056025603215
0.9100804671432723,0.5025457752331757
-2.2776463401381903,-1.694776844025788
0.9557974597554733,1.1012156836529683
0.7368074022238655,0.36930568576438316
1.1930100191107247,1.2150206342053043
-0.6969045108078458,-0.9451898157490384
-1.7483579292160254,-1.2605280394231337
-0.7283809031735036,-1.0921743699344848
-5.716058190694492,-4.851033350377635
